name,stratum,compound_class,bioactivity,food_source,bioavailability,pubchem_cid,smiles,canonical_smiles,mw,logp,hbd,hba,tpsa,rings,valid,bioactivity_vocab,formula
quercetin,Western,flavonol,antioxidant,"onion, apple, berries",low,5280343,C1=CC(=C(C=C1C2=C(C(=O)C3=C(C=C(C=C3O2)O)O)O)O)O,O=c1c(O)c(-c2ccc(O)c(O)c2)oc2cc(O)cc(O)c12,302.2,1.99,5,7,131.4,3,True,antioxidant,C15H10O7
kaempferol,Western,flavonol,antioxidant,"kale, broccoli, tea",low,5280863,C1=CC(=CC=C1C2=C(C(=O)C3=C(C=C(C=C3O2)O)O)O)O,O=c1c(O)c(-c2ccc(O)cc2)oc2cc(O)cc(O)c12,286.2,2.28,4,6,111.1,3,True,antioxidant,C15H10O6
myricetin,Western,flavonol,antioxidant,"berries, red wine",low,5281672,C1=C(C=C(C(=C1O)O)O)C2=C(C(=O)C3=C(C=C(C=C3O2)O)O)O,O=c1c(O)c(-c2cc(O)c(O)c(O)c2)oc2cc(O)cc(O)c12,318.2,1.69,6,8,151.6,3,True,antioxidant,C15H10O8
apigenin,Western,flavone,anti-inflammatory,"parsley, celery, chamomile",low,5280443,C1=CC(=CC=C1C2=CC(=O)C3=C(C=C(C=C3O2)O)O)O,O=c1cc(-c2ccc(O)cc2)oc2cc(O)cc(O)c12,270.2,2.58,3,5,90.9,3,True,anti-inflammatory,C15H10O5
luteolin,Western,flavone,anti-inflammatory,"celery, thyme, oregano",low,5280445,C1=CC(=C(C=C1C2=CC(=O)C3=C(C=C(C=C3O2)O)O)O)O,O=c1cc(-c2ccc(O)c(O)c2)oc2cc(O)cc(O)c12,286.2,2.28,4,6,111.1,3,True,anti-inflammatory,C15H10O6
resveratrol,Western,stilbenoid,cardioprotective,"red grapes, red wine, peanuts",low,445154,C1=CC(=CC=C1/C=C/C2=CC(=CC(=C2)O)O)O,Oc1ccc(/C=C/c2cc(O)cc(O)c2)cc1,228.2,2.97,3,3,60.7,2,True,cardiovascular,C14H12O3
caffeic acid,Western,hydroxycinnamic acid,antioxidant,"coffee, apple, blueberry",moderate,689043,C1=CC(=C(C=C1/C=C/C(=O)O)O)O,O=C(O)/C=C/c1ccc(O)c(O)c1,180.2,1.2,3,3,77.8,1,True,antioxidant,C9H8O4
chlorogenic acid,Western,hydroxycinnamic acid,antioxidant,"coffee, apple",low,1794427,C1[C@H]([C@H]([C@@H](C[C@@]1(C(=O)O)O)OC(=O)/C=C/C2=CC(=C(C=C2)O)O)O)O,O=C(/C=C/c1ccc(O)c(O)c1)O[C@@H]1C[C@](O)(C(=O)O)C[C@@H](O)[C@H]1O,354.3,-0.65,6,8,164.8,2,True,antioxidant,C16H18O9
ferulic acid,Western,hydroxycinnamic acid,antioxidant,"wheat bran, oats, rice",moderate,445858,COC1=C(C=CC(=C1)/C=C/C(=O)O)O,COc1cc(/C=C/C(=O)O)ccc1O,194.2,1.5,2,3,66.8,1,True,antioxidant,C10H10O4
ellagic acid,Western,ellagitannin-derived phenol,anticancer,"pomegranate, raspberry, walnut",low,5281855,C1=C2C3=C(C(=C1O)O)OC(=O)C4=CC(=C(C(=C43)OC2=O)O)O,O=c1oc2c(O)c(O)cc3c(=O)oc4c(O)c(O)cc1c4c23,302.2,1.31,4,8,141.3,4,True,anticancer,C14H6O8
naringenin,Western,flavanone,antioxidant,"grapefruit, orange",moderate,439246,C1[C@H](OC2=CC(=CC(=C2C1=O)O)O)C3=CC=C(C=C3)O,O=C1C[C@@H](c2ccc(O)cc2)Oc2cc(O)cc(O)c21,272.3,2.51,3,5,87.0,3,True,antioxidant,C15H12O5
hesperetin,Western,flavanone,antioxidant,"orange, lemon",moderate,72281,COC1=C(C=C(C=C1)[C@@H]2CC(=O)C3=C(C=C(C=C3O2)O)O)O,COc1ccc([C@@H]2CC(=O)c3c(O)cc(O)cc3O2)cc1O,302.3,2.52,3,6,96.2,3,True,antioxidant,C16H14O6
cyanidin,Western,anthocyanidin,antioxidant,"berries, red cabbage",low,128861,C1=CC(=C(C=C1C2=[O+]C3=CC(=CC(=C3C=C2O)O)O)O)O,Oc1cc(O)c2cc(O)c(-c3ccc(O)c(O)c3)[o+]c2c1,287.2,2.91,5,5,112.5,3,True,antioxidant,C15H11O6+
delphinidin,Western,anthocyanidin,antioxidant,"blueberry, blackcurrant",low,128853,C1=C(C=C(C(=C1O)O)O)C2=[O+]C3=CC(=CC(=C3C=C2O)O)O,Oc1cc(O)c2cc(O)c(-c3cc(O)c(O)c(O)c3)[o+]c2c1,303.2,2.61,6,6,132.7,3,True,antioxidant,C15H11O7+
oleuropein,Western,secoiridoid,anti-inflammatory,"olive, olive oil",low,5281544,C/C=C/1\[C@@H](C(=CO[C@H]1O[C@H]2[C@@H]([C@H]([C@@H]([C@H](O2)CO)O)O)O)C(=O)OC)CC(=O)OCCC3=CC(=C(C=C3)O)O,C/C=C1/[C@H](O[C@@H]2O[C@H](CO)[C@@H](O)[C@H](O)[C@H]2O)OC=C(C(=O)OC)[C@H]1CC(=O)OCCc1ccc(O)c(O)c1,540.5,-0.63,6,13,201.7,3,True,anti-inflammatory,C25H32O13
hydroxytyrosol,Western,phenylethanoid,antioxidant,olive oil,moderate,82755,C1=CC(=C(C=C1CCO)O)O,OCCc1ccc(O)c(O)c1,154.2,0.63,3,3,60.7,1,True,antioxidant,C8H10O3
pterostilbene,Western,stilbenoid,antioxidant,"blueberry, grape",moderate,5281727,COC1=CC(=CC(=C1)/C=C/C2=CC=C(C=C2)O)OC,COc1cc(/C=C/c2ccc(O)cc2)cc(OC)c1,256.3,3.58,1,3,38.7,2,True,antioxidant,C16H16O3
gallic acid,Western,phenolic acid,antioxidant,"grape, tea, gallnut",moderate,370,C1=C(C=C(C(=C1O)O)O)C(=O)O,O=C(O)c1cc(O)c(O)c(O)c1,170.1,0.5,4,4,98.0,1,True,antioxidant,C7H6O5
genistein,East Asian,isoflavone,phytoestrogen,"soybean, tofu",moderate,5280961,C1=CC(=CC=C1C2=COC3=CC(=CC(=C3C2=O)O)O)O,O=c1c(-c2ccc(O)cc2)coc2cc(O)cc(O)c12,270.2,2.58,3,5,90.9,3,True,phytoestrogen,C15H10O5
daidzein,East Asian,isoflavone,phytoestrogen,"soybean, fermented soy",moderate,5281708,C1=CC(=CC=C1C2=COC3=C(C2=O)C=CC(=C3)O)O,O=c1c(-c2ccc(O)cc2)coc2cc(O)ccc12,254.2,2.87,2,4,70.7,3,True,phytoestrogen,C15H10O4
allicin,East Asian,organosulfur,antimicrobial,garlic,low,65036,C=CCSS(=O)CC=C,C=CCSS(=O)CC=C,162.3,1.76,0,2,17.1,0,True,antimicrobial,C6H10OS2
epigallocatechin gallate,East Asian,flavan-3-ol (catechin),antioxidant,green tea,low,65064,C1[C@H]([C@H](OC2=CC(=CC(=C21)O)O)C3=CC(=C(C(=C3)O)O)O)OC(=O)C4=CC(=C(C(=C4)O)O)O,O=C(O[C@@H]1Cc2c(O)cc(O)cc2O[C@@H]1c1cc(O)c(O)c(O)c1)c1cc(O)c(O)c(O)c1,458.4,2.23,8,11,197.4,4,True,antioxidant,C22H18O11
theaflavin,East Asian,theaflavin,antioxidant,black tea,low,135403798,C1[C@H]([C@H](OC2=CC(=CC(=C21)O)O)C3=CC4=C(C(=C(C=C4[C@@H]5[C@@H](CC6=C(C=C(C=C6O5)O)O)O)O)O)C(=O)C(=C3)O)O,O=c1c(O)cc([C@H]2Oc3cc(O)cc(O)c3C[C@H]2O)cc2c([C@H]3Oc4cc(O)cc(O)c4C[C@H]3O)cc(O)c(O)c12,564.5,2.21,9,12,217.6,6,True,antioxidant,C29H24O12
berberine,East Asian,isoquinoline alkaloid,antidiabetic,"Coptis, goldthread (TCM)",low,2353,COC1=C(C2=C[N+]3=C(C=C2C=C1)C4=CC5=C(C=C4CC3)OCO5)OC,COc1ccc2cc3[n+](cc2c1OC)CCc1cc2c(cc1-3)OCO2,336.4,3.1,0,4,40.8,5,True,antidiabetic,C20H18NO4+
honokiol,East Asian,neolignan,neuroprotective,Magnolia bark,moderate,72303,C=CCC1=CC(=C(C=C1)O)C2=CC(=C(C=C2)O)CC=C,C=CCc1ccc(O)c(-c2ccc(O)c(CC=C)c2)c1,266.3,4.22,2,2,40.5,2,True,neuroprotective,C18H18O2
tanshinone IIA,East Asian,diterpenoid quinone,cardioprotective,Salvia miltiorrhiza (danshen),low,164676,CC1=COC2=C1C(=O)C(=O)C3=C2C=CC4=C3CCCC4(C)C,Cc1coc2c1C(=O)C(=O)c1c-2ccc2c1CCCC2(C)C,294.4,4.25,0,3,47.3,4,True,cardiovascular,C19H18O3
ginsenoside Rb1,East Asian,triterpenoid saponin,adaptogenic,ginseng root,low,9898279,CC(=CCC[C@@](C)([C@H]1CC[C@@]2([C@@H]1[C@@H](C[C@H]3[C@]2(CC[C@@H]4[C@@]3(CC[C@@H](C4(C)C)O[C@H]5[C@@H]([C@H]([C@@H]([C@H](O5)CO)O)O)O[C@H]6[C@@H]([C@H]([C@@H]([C@H](O6)CO)O)O)O)C)C)O)C)O[C@H]7[C@@H]([C@H]([C@@H]([C@H](O7)CO[C@H]8[C@@H]([C@H]([C@@H]([C@H](O8)CO)O)O)O)O)O)O)C,CC(C)=CCC[C@](C)(O[C@@H]1O[C@H](CO[C@@H]2O[C@H](CO)[C@@H](O)[C@H](O)[C@H]2O)[C@@H](O)[C@H](O)[C@H]1O)[C@H]1CC[C@]2(C)[C@@H]1[C@H](O)C[C@@H]1[C@@]3(C)CC[C@H](O[C@@H]4O[C@H](CO)[C@@H](O)[C@H](O)[C@H]4O[C@@H]4O[C@H](CO)[C@@H](O)[C@H](O)[C@H]4O)C(C)(C)[C@@H]3CC[C@]12C,1109.3,-2.2,15,23,377.3,8,True,adaptogenic/tonic,C54H92O23
ginsenoside Rg1,East Asian,triterpenoid saponin,adaptogenic,ginseng root,low,441923,CC(=CCC[C@@](C)([C@H]1CC[C@@]2([C@@H]1[C@@H](C[C@H]3[C@]2(C[C@@H]([C@@H]4[C@@]3(CC[C@@H](C4(C)C)O)C)O[C@H]5[C@@H]([C@H]([C@@H]([C@H](O5)CO)O)O)O)C)O)C)O[C@H]6[C@@H]([C@H]([C@@H]([C@H](O6)CO)O)O)O)C,CC(C)=CCC[C@](C)(O[C@@H]1O[C@H](CO)[C@@H](O)[C@H](O)[C@H]1O)[C@H]1CC[C@]2(C)[C@@H]1[C@H](O)C[C@@H]1[C@@]3(C)CC[C@H](O)C(C)(C)[C@@H]3[C@@H](O[C@@H]3O[C@H](CO)[C@@H](O)[C@H](O)[C@H]3O)C[C@]12C,801.0,1.12,10,14,239.2,6,True,adaptogenic/tonic,C42H72O14
6-gingerol,East Asian,gingerol (vanilloid),anti-inflammatory,ginger,moderate,442793,CCCCC[C@@H](CC(=O)CCC1=CC(=C(C=C1)O)OC)O,CCCCC[C@H](O)CC(=O)CCc1ccc(O)c(OC)c1,294.4,3.23,2,4,66.8,1,True,anti-inflammatory,C17H26O4
nobiletin,East Asian,polymethoxyflavone,anti-inflammatory,citrus peel (chenpi),moderate,72344,COC1=C(C=C(C=C1)C2=CC(=O)C3=C(O2)C(=C(C(=C3OC)OC)OC)OC)OC,COc1ccc(-c2cc(=O)c3c(OC)c(OC)c(OC)c(OC)c3o2)cc1OC,402.4,3.51,0,8,85.6,3,True,anti-inflammatory,C21H22O8
tangeretin,East Asian,polymethoxyflavone,anticancer,citrus peel,moderate,68077,COC1=CC=C(C=C1)C2=CC(=O)C3=C(O2)C(=C(C(=C3OC)OC)OC)OC,COc1ccc(-c2cc(=O)c3c(OC)c(OC)c(OC)c(OC)c3o2)cc1,372.4,3.5,0,7,76.4,3,True,anticancer,C20H20O7
schisandrin A,East Asian,dibenzocyclooctadiene lignan,hepatoprotective,Schisandra chinensis berry,moderate,155256,C[C@@H]1CC2=CC(=C(C(=C2C3=C(C(=C(C=C3C[C@@H]1C)OC)OC)OC)OC)OC)OC,COc1cc2c(c(OC)c1OC)-c1c(cc(OC)c(OC)c1OC)C[C@H](C)[C@H](C)C2,416.5,4.78,0,6,55.4,3,True,hepatoprotective,C24H32O6
icariin,East Asian,prenylated flavonol glycoside,aphrodisiac/tonic,Epimedium (horny goat weed),low,5318997,C[C@H]1[C@@H]([C@H]([C@H]([C@@H](O1)OC2=C(OC3=C(C2=O)C(=CC(=C3CC=C(C)C)O[C@H]4[C@@H]([C@H]([C@@H]([C@H](O4)CO)O)O)O)O)C5=CC=C(C=C5)OC)O)O)O,COc1ccc(-c2oc3c(CC=C(C)C)c(O[C@@H]4O[C@H](CO)[C@@H](O)[C@H](O)[C@H]4O)cc(O)c3c(=O)c2O[C@@H]2O[C@@H](C)[C@H](O)[C@@H](O)[C@H]2O)cc1,676.7,0.07,8,15,238.2,5,True,adaptogenic/tonic,C33H40O15
sulforaphane,East Asian,isothiocyanate,anticancer,"broccoli, cruciferous vegetables",high,5350,CS(=O)CCCCN=C=S,CS(=O)CCCCN=C=S,177.3,1.25,0,3,29.4,0,True,anticancer,C6H11NOS2
puerarin,East Asian,isoflavone C-glycoside,cardioprotective,kudzu root (Pueraria),low,5281807,C1=CC(=CC=C1C2=COC3=C(C2=O)C=CC(=C3[C@H]4[C@@H]([C@H]([C@@H]([C@H](O4)CO)O)O)O)O)O,O=c1c(-c2ccc(O)cc2)coc2c([C@@H]3O[C@H](CO)[C@@H](O)[C@H](O)[C@H]3O)c(O)ccc12,416.4,0.39,6,9,160.8,4,True,cardiovascular,C21H20O9
curcumin,South Asian,curcuminoid (diarylheptanoid),anti-inflammatory,turmeric,low,969516,COC1=C(C=CC(=C1)/C=C/C(=O)CC(=O)/C=C/C2=CC(=C(C=C2)O)OC)O,COc1cc(/C=C/C(=O)CC(=O)/C=C/c2ccc(O)c(OC)c2)ccc1O,368.4,3.37,2,6,93.1,2,True,anti-inflammatory,C21H20O6
demethoxycurcumin,South Asian,curcuminoid (diarylheptanoid),anti-inflammatory,turmeric,low,5469424,COC1=C(C=CC(=C1)/C=C/C(=O)CC(=O)/C=C/C2=CC=C(C=C2)O)O,COc1cc(/C=C/C(=O)CC(=O)/C=C/c2ccc(O)cc2)ccc1O,338.4,3.36,2,5,83.8,2,True,anti-inflammatory,C20H18O5
bisdemethoxycurcumin,South Asian,curcuminoid (diarylheptanoid),anti-inflammatory,turmeric,low,5315472,C1=CC(=CC=C1/C=C/C(=O)CC(=O)/C=C/C2=CC=C(C=C2)O)O,O=C(/C=C/c1ccc(O)cc1)CC(=O)/C=C/c1ccc(O)cc1,308.3,3.35,2,4,74.6,2,True,anti-inflammatory,C19H16O4
piperine,South Asian,piperidine alkaloid,bioenhancer,black pepper,moderate,638024,C1CCN(CC1)C(=O)/C=C/C=C/C2=CC3=C(C=C2)OCO3,O=C(/C=C/C=C/c1ccc2c(c1)OCO2)N1CCCCC1,285.3,3.0,0,3,38.8,3,True,other,C17H19NO3
withaferin A,South Asian,withanolide,anticancer,ashwagandha (Withania somnifera),low,265237,CC1=C(C(=O)O[C@H](C1)[C@@H](C)[C@H]2CC[C@@H]3[C@@]2(CC[C@H]4[C@H]3C[C@@H]5[C@]6([C@@]4(C(=O)C=C[C@@H]6O)C)O5)C)CO,CC1=C(CO)C(=O)O[C@@H]([C@@H](C)[C@H]2CC[C@H]3[C@@H]4C[C@H]5O[C@]56[C@@H](O)C=CC(=O)[C@]6(C)[C@H]4CC[C@]23C)C1,470.6,3.35,2,6,96.4,6,True,anticancer,C28H38O6
andrographolide,South Asian,diterpenoid lactone,immunomodulatory,Andrographis paniculata (kalmegh),moderate,5318517,C[C@@]12CC[C@H]([C@@]([C@H]1CCC(=C)[C@H]2C/C=C/3\[C@@H](COC3=O)O)(C)CO)O,C=C1CC[C@@H]2[C@](C)(CO)[C@H](O)CC[C@@]2(C)[C@@H]1C/C=C1/C(=O)OC[C@H]1O,350.5,1.96,3,5,87.0,3,True,immunomodulatory,C20H30O5
bacoside A,South Asian,triterpenoid saponin,nootropic,Bacopa monnieri (brahmi),low,92043183,CC(=CCC[C@@](C)([C@@H]1[C@H]2CC[C@H]3[C@]([C@@]2(CC1=O)C)(CC[C@@H]4[C@@]3(CCC(C4(C)C)O[C@H]5[C@@H]([C@H]([C@@H]([C@H](O5)CO)O[C@H]6[C@@H]([C@H]([C@H](CO6)O)O)O)O)O)CO)C)O)C,CC(C)=CCC[C@](C)(O)[C@H]1C(=O)C[C@]2(C)[C@@H]1CC[C@@H]1[C@@]3(CO)CCC(O[C@@H]4O[C@H](CO)[C@@H](O[C@@H]5OC[C@H](O)[C@H](O)[C@H]5O)[C@H](O)[C@H]4O)C(C)(C)[C@@H]3CC[C@]12C,769.0,1.97,8,13,215.8,6,True,neuroprotective,C41H68O13
gymnemic acid I,South Asian,triterpenoid saponin,antidiabetic,Gymnema sylvestre,low,11953919,C/C=C(\C)/C(=O)O[C@H]1[C@@H]([C@@]2([C@H](C[C@@]3(C(=CC[C@H]4[C@]3(CC[C@@H]5[C@@]4(CC[C@@H]([C@@]5(C)CO)O[C@H]6[C@@H]([C@H]([C@@H]([C@H](O6)C(=O)O)O)O)O)C)C)[C@@H]2CC1(C)C)C)O)COC(=O)C)O,C/C=C(\C)C(=O)O[C@H]1[C@H](O)[C@]2(COC(C)=O)[C@@H](O)C[C@]3(C)C(=CC[C@@H]4[C@@]5(C)CC[C@H](O[C@@H]6O[C@H](C(=O)O)[C@@H](O)[C@H](O)[C@H]6O)[C@@](C)(CO)[C@@H]5CC[C@]43C)[C@@H]2CC1(C)C,807.0,3.03,7,13,229.7,6,True,antidiabetic,C43H66O14
boswellic acid,South Asian,pentacyclic triterpenoid,anti-inflammatory,Boswellia serrata (frankincense),low,11168203,C[C@@H]1CC[C@@]2(CC[C@@]3(C(=CC(=O)[C@H]4[C@]3(CC[C@@H]5[C@@]4(CC[C@H]([C@]5(C)C(=O)O)OC(=O)C)C)C)[C@@H]2[C@H]1C)C)C,CC(=O)O[C@@H]1CC[C@@]2(C)[C@@H](CC[C@]3(C)[C@@H]2C(=O)C=C2[C@@H]4[C@@H](C)[C@H](C)CC[C@]4(C)CC[C@]23C)[C@@]1(C)C(=O)O,512.7,6.84,1,4,80.7,5,True,anti-inflammatory,C32H48O5
guggulsterone,South Asian,steroid (pregnadienedione),hypolipidemic,Commiphora mukul (guggul),moderate,6450278,C/C=C/1\C(=O)C[C@@H]2[C@@]1(CC[C@H]3[C@H]2CCC4=CC(=O)CC[C@]34C)C,C/C=C1\C(=O)C[C@H]2[C@@H]3CCC4=CC(=O)CC[C@]4(C)[C@H]3CC[C@]12C,312.5,4.64,0,2,34.1,4,True,metabolic-regulating,C21H28O2
forskolin,South Asian,labdane diterpenoid,cardioactive,Coleus forskohlii,moderate,47936,CC(=O)O[C@H]1[C@H]([C@@H]2[C@]([C@H](CCC2(C)C)O)([C@@]3([C@@]1(O[C@@](CC3=O)(C)C=C)C)O)C)O,C=C[C@@]1(C)CC(=O)[C@]2(O)[C@@]3(C)[C@@H](O)CCC(C)(C)[C@@H]3[C@H](O)[C@H](OC(C)=O)[C@@]2(C)O1,410.5,1.52,3,7,113.3,3,True,cardiovascular,C22H34O7
thymoquinone,South Asian,monoterpenoid quinone,antioxidant,black cumin (Nigella sativa),moderate,10281,CC1=CC(=O)C(=CC1=O)C(C)C,CC1=CC(=O)C(C(C)C)=CC1=O,164.2,1.67,0,2,34.1,1,True,antioxidant,C10H12O2
eugenol,South Asian,phenylpropanoid,analgesic,clove,high,3314,COC1=C(C=CC(=C1)CC=C)O,C=CCc1ccc(O)c(OC)c1,164.2,2.13,1,2,29.5,1,True,other,C10H12O2
mangiferin,South Asian,xanthone C-glycoside,antioxidant,"mango, honeybush",low,5281647,C1=C2C(=CC(=C1O)O)OC3=C(C2=O)C(=C(C(=C3)O)[C@H]4[C@@H]([C@H]([C@@H]([C@H](O4)CO)O)O)O)O,O=c1c2cc(O)c(O)cc2oc2cc(O)c([C@@H]3O[C@H](CO)[C@@H](O)[C@H](O)[C@H]3O)c(O)c12,422.3,-0.72,8,11,201.3,4,True,antioxidant,C19H18O11
gallocatechin,South Asian,flavan-3-ol (catechin),antioxidant,"areca, tea",low,65084,C1[C@@H]([C@H](OC2=CC(=CC(=C21)O)O)C3=CC(=C(C(=C3)O)O)O)O,Oc1cc(O)c2c(c1)O[C@H](c1cc(O)c(O)c(O)c1)[C@@H](O)C2,306.3,1.25,6,7,130.6,3,True,antioxidant,C15H14O7
azadirachtin,South Asian,limonoid,insecticidal,neem (Azadirachta indica),low,5281303,C/C=C(\C)/C(=O)O[C@H]1C[C@H]([C@]2(CO[C@@H]3[C@@H]2[C@]14CO[C@@]([C@H]4[C@]([C@@H]3O)(C)[C@@]56[C@@H]7C[C@H]([C@@]5(O6)C)[C@]8(C=CO[C@H]8O7)O)(C(=O)OC)O)C(=O)OC)OC(=O)C,C/C=C(\C)C(=O)O[C@H]1C[C@@H](OC(C)=O)[C@@]2(C(=O)OC)CO[C@H]3[C@@H](O)[C@@](C)([C@]45O[C@@]4(C)[C@H]4C[C@@H]5O[C@@H]5OC=C[C@@]54O)[C@H]4[C@]1(CO[C@]4(O)C(=O)OC)[C@@H]32,720.7,-0.2,3,16,215.3,8,True,other,C35H44O16
embelin,South Asian,benzoquinone,antifertility,Embelia ribes (vidanga),moderate,3218,CCCCCCCCCCCC1=C(C(=O)C=C(C1=O)O)O,CCCCCCCCCCCC1=C(O)C(=O)C=C(O)C1=O,294.4,4.31,2,4,74.6,1,True,other,C17H26O4
aspalathin,African,dihydrochalcone C-glycoside,antioxidant,rooibos (Aspalathus linearis),low,11282394,C1=CC(=C(C=C1CCC(=O)C2=C(C=C(C(=C2O)[C@H]3[C@@H]([C@H]([C@@H]([C@H](O3)CO)O)O)O)O)O)O)O,O=C(CCc1ccc(O)c(O)c1)c1c(O)cc(O)c([C@@H]2O[C@H](CO)[C@@H](O)[C@H](O)[C@H]2O)c1O,452.4,-0.45,9,11,208.4,3,True,antioxidant,C21H24O11
nothofagin,African,dihydrochalcone C-glycoside,antioxidant,rooibos,low,21722188,C1=CC(=CC=C1CCC(=O)C2=C(C=C(C(=C2O)[C@H]3[C@@H]([C@H]([C@@H]([C@H](O3)CO)O)O)O)O)O)O,O=C(CCc1ccc(O)cc1)c1c(O)cc(O)c([C@@H]2O[C@H](CO)[C@@H](O)[C@H](O)[C@H]2O)c1O,436.4,-0.16,8,10,188.1,3,True,antioxidant,C21H24O10
kolaviron,African,biflavonoid,hepatoprotective,bitter kola (Garcinia kola),low,5464454,C1=CC(=CC=C1[C@@H]2[C@H](C(=O)C3=C(C=C(C=C3O2)O)O)C4=C(C=C(C5=C4OC(=CC5=O)C6=CC(=C(C=C6)O)O)O)O)O,O=C1c2c(O)cc(O)cc2O[C@H](c2ccc(O)cc2)[C@H]1c1c(O)cc(O)c2c(=O)cc(-c3ccc(O)c(O)c3)oc12,556.5,4.5,7,11,198.1,6,True,hepatoprotective,C30H20O11
6-paradol,African,gingerol-type vanilloid,thermogenic,grains of paradise (Aframomum melegueta),moderate,94378,CCCCCCCC(=O)CCC1=CC(=C(C=C1)O)OC,CCCCCCCC(=O)CCc1ccc(O)c(OC)c1,278.4,4.26,1,3,46.5,1,True,metabolic-regulating,C17H26O3
6-shogaol,African,shogaol (vanilloid),anti-inflammatory,"grains of paradise, ginger",moderate,5281794,CCCCC/C=C/C(=O)CCC1=CC(=C(C=C1)O)OC,CCCCC/C=C/C(=O)CCc1ccc(O)c(OC)c1,276.4,4.04,1,3,46.5,1,True,anti-inflammatory,C17H24O3
mesembrine,African,alkaloid,mood-elevating,kanna (Sceletium tortuosum),moderate,394162,CN1CC[C@]2([C@@H]1CC(=O)CC2)C3=CC(=C(C=C3)OC)OC,COc1ccc([C@@]23CCC(=O)C[C@@H]2N(C)CC3)cc1OC,289.4,2.4,0,4,38.8,3,True,neuroprotective,C17H23NO3
catechin,African,flavan-3-ol (catechin),antioxidant,"kola nut, marula, cocoa",low,9064,C1[C@@H]([C@H](OC2=CC(=CC(=C21)O)O)C3=CC(=C(C=C3)O)O)O,Oc1cc(O)c2c(c1)O[C@H](c1ccc(O)c(O)c1)[C@@H](O)C2,290.3,1.55,5,6,110.4,3,True,antioxidant,C15H14O6
hydroxycitric acid,African,organic acid,appetite-suppressant,Garcinia (bitter kola relatives),moderate,123908,C(C(=O)O)C(C(C(=O)O)O)(C(=O)O)O,O=C(O)CC(O)(C(=O)O)C(O)C(=O)O,208.1,-2.28,5,5,152.4,0,True,metabolic-regulating,C6H8O8
epicatechin,African,flavan-3-ol (catechin),cardioprotective,"cocoa, kola nut",moderate,72276,C1[C@H]([C@H](OC2=CC(=CC(=C21)O)O)C3=CC(=C(C=C3)O)O)O,Oc1cc(O)c2c(c1)O[C@H](c1ccc(O)c(O)c1)[C@H](O)C2,290.3,1.55,5,6,110.4,3,True,cardiovascular,C15H14O6
caffeine,African,purine alkaloid,stimulant,"kola nut, coffee",high,2519,CN1C=NC2=C1C(=O)N(C(=O)N2C)C,Cn1c(=O)c2c(ncn2C)n(C)c1=O,194.2,-1.03,0,3,61.8,2,True,stimulant,C8H10N4O2
gnetin C,African,stilbenoid (resveratrol dimer),antioxidant,Gnetum (African/Asian),low,21633857,C1=CC(=CC=C1/C=C/C2=CC(=C3[C@@H]([C@H](OC3=C2)C4=CC=C(C=C4)O)C5=CC(=CC(=C5)O)O)O)O,Oc1ccc(/C=C/c2cc(O)c3c(c2)O[C@H](c2ccc(O)cc2)[C@H]3c2cc(O)cc(O)c2)cc1,454.5,5.65,5,6,110.4,5,True,antioxidant,C28H22O6
mangiferin (honeybush),African,xanthone C-glycoside,antioxidant,honeybush (Cyclopia),low,5281647,C1=C2C(=CC(=C1O)O)OC3=C(C2=O)C(=C(C(=C3)O)[C@H]4[C@@H]([C@H]([C@@H]([C@H](O4)CO)O)O)O)O,O=c1c2cc(O)c(O)cc2oc2cc(O)c([C@@H]3O[C@H](CO)[C@@H](O)[C@H](O)[C@H]3O)c(O)c12,422.3,-0.72,8,11,201.3,4,True,antioxidant,C19H18O11
iso-orientin,African,flavone C-glycoside,antioxidant,hibiscus/roselle (Hibiscus sabdariffa),low,114776,C1=CC(=C(C=C1C2=CC(=O)C3=C(O2)C=C(C(=C3O)[C@H]4[C@@H]([C@H]([C@@H]([C@H](O4)CO)O)O)O)O)O)O,O=c1cc(-c2ccc(O)c(O)c2)oc2cc(O)c([C@@H]3O[C@H](CO)[C@@H](O)[C@H](O)[C@H]3O)c(O)c12,448.4,-0.2,8,11,201.3,4,True,antioxidant,C21H20O11
delphinidin 3-sambubioside,African,anthocyanin,antioxidant,"roselle (hibiscus, zobo/bissap)",low,10196837,C1[C@H]([C@@H]([C@H]([C@@H](O1)O[C@@H]2[C@H]([C@@H]([C@H](O[C@H]2OC3=CC4=C(C=C(C=C4[O+]=C3C5=CC(=C(C(=C5)O)O)O)O)O)CO)O)O)O)O)O,OC[C@H]1O[C@@H](Oc2cc3c(O)cc(O)cc3[o+]c2-c2cc(O)c(O)c(O)c2)[C@H](O[C@@H]2OC[C@@H](O)[C@H](O)[C@H]2O)[C@@H](O)[C@@H]1O,597.5,-1.45,11,15,270.7,5,True,antioxidant,C26H29O16+
cyanidin 3-sambubioside,African,anthocyanin,antioxidant,roselle (hibiscus),low,3084569,C1[C@H]([C@@H]([C@H]([C@@H](O1)O[C@@H]2[C@H]([C@@H]([C@H](O[C@H]2OC3=CC4=C(C=C(C=C4[O+]=C3C5=CC(=C(C=C5)O)O)O)O)CO)O)O)O)O)O.[Cl-],OC[C@H]1O[C@@H](Oc2cc3c(O)cc(O)cc3[o+]c2-c2ccc(O)c(O)c2)[C@H](O[C@@H]2OC[C@@H](O)[C@H](O)[C@H]2O)[C@@H](O)[C@@H]1O.[Cl-],617.0,-4.15,10,14,250.5,5,True,antioxidant,C26H29ClO15
xanthohumol,African,prenylated chalcone,anticancer,hops relatives / marula,low,639665,CC(=CCC1=C(C(=C(C=C1O)OC)C(=O)/C=C/C2=CC=C(C=C2)O)O)C,COc1cc(O)c(CC=C(C)C)c(O)c1C(=O)/C=C/c1ccc(O)cc1,354.4,4.22,3,5,87.0,2,True,anticancer,C21H22O5
kaurenoic acid,African,kaurane diterpenoid,antimicrobial,Xylopia aethiopica (grains of Selim),moderate,73062,C[C@@]12CCC[C@@]([C@H]1CC[C@]34[C@H]2CC[C@H](C3)C(=C)C4)(C)C(=O)O,C=C1C[C@@]23CC[C@H]4[C@@](C)(CCC[C@@]4(C)C(=O)O)[C@@H]2CC[C@@H]1C3,302.5,5.04,1,1,37.3,4,True,antimicrobial,C20H30O2
rosmarinic acid,Western,hydroxycinnamic acid ester,antioxidant/anti-inflammatory rosemary polyphenol,"rosemary, sage, mint",moderate,5281792,C1=CC(=C(C=C1C[C@H](C(=O)O)OC(=O)/C=C/C2=CC(=C(C=C2)O)O)O)O,O=C(/C=C/c1ccc(O)c(O)c1)O[C@H](Cc1ccc(O)c(O)c1)C(=O)O,360.32,1.76,5,7,144.52,2,True,anti-inflammatory,C18H16O8
carnosic acid,Western,abietane diterpenoid,antioxidant diterpene of rosemary/sage,"rosemary, sage",low,65126,CC(C)C1=C(C(=C2C(=C1)CC[C@@H]3[C@@]2(CCCC3(C)C)C(=O)O)O)O,CC(C)c1cc2c(c(O)c1O)[C@@]1(C(=O)O)CCCC(C)(C)[C@@H]1CC2,332.44,4.32,3,3,77.76,3,True,antioxidant,C20H28O4
lycopene,Western,carotenoid,"antioxidant carotenoid, prostate health","tomato, watermelon",low,446925,CC(=CCC/C(=C/C=C/C(=C/C=C/C(=C/C=C/C=C(/C=C/C=C(/C=C/C=C(/CCC=C(C)C)\C)\C)\C)/C)/C)/C)C,CC(C)=CCC/C(C)=C/C=C/C(C)=C/C=C/C(C)=C/C=C/C=C(C)/C=C/C=C(C)/C=C/C=C(\C)CCC=C(C)C,536.89,12.94,0,0,0.0,0,True,antioxidant,C40H56
silibinin,Western,flavonolignan,hepatoprotective milk-thistle flavonolignan,milk thistle seed,low,31553,COC1=C(C=CC(=C1)[C@@H]2[C@H](OC3=C(O2)C=C(C=C3)[C@@H]4[C@H](C(=O)C5=C(C=C(C=C5O4)O)O)O)CO)O,COc1cc([C@H]2Oc3cc([C@H]4Oc5cc(O)cc(O)c5C(=O)[C@@H]4O)ccc3O[C@@H]2CO)ccc1O,482.44,2.36,5,10,155.14,5,True,hepatoprotective,C25H22O10
fisetin,Western,flavonol,senolytic/neuroprotective flavonol,"strawberry, apple",low,5281614,C1=CC(=C(C=C1C2=C(C(=O)C3=C(O2)C=C(C=C3)O)O)O)O,O=c1c(O)c(-c2ccc(O)c(O)c2)oc2cc(O)ccc12,286.24,2.28,4,6,111.13,3,True,neuroprotective,C15H10O6
pinoresinol,Western,furofuran lignan,antioxidant olive/sesame lignan,"olive oil, sesame",moderate,73399,COC1=C(C=CC(=C1)[C@@H]2[C@H]3CO[C@@H]([C@H]3CO2)C4=CC(=C(C=C4)O)OC)O,COc1cc([C@H]2OC[C@H]3[C@@H]2CO[C@@H]3c2ccc(O)c(OC)c2)ccc1O,358.39,3.19,2,6,77.38,4,True,antioxidant,C20H22O6
oleocanthal,Western,secoiridoid phenolic,anti-inflammatory (ibuprofen-like) olive phenolic,extra-virgin olive oil,moderate,11652416,C/C=C(/C=O)\[C@@H](CC=O)CC(=O)OCCC1=CC=C(C=C1)O,C/C=C(/C=O)[C@@H](CC=O)CC(=O)OCCc1ccc(O)cc1,304.34,2.22,1,5,80.67,1,True,anti-inflammatory,C17H20O5
baicalein,East Asian,flavone,anti-inflammatory Scutellaria flavone,Scutellaria baicalensis (TCM),low,5281605,C1=CC=C(C=C1)C2=CC(=O)C3=C(O2)C=C(C(=C3O)O)O,O=c1cc(-c2ccccc2)oc2cc(O)c(O)c(O)c12,270.24,2.58,3,5,90.9,3,True,anti-inflammatory,C15H10O5
wogonin,East Asian,flavone,anticancer Scutellaria flavone,Scutellaria baicalensis (TCM),low,5281703,COC1=C(C=C(C2=C1OC(=CC2=O)C3=CC=CC=C3)O)O,COc1c(O)cc(O)c2c(=O)cc(-c3ccccc3)oc12,284.27,2.88,2,5,79.9,3,True,anticancer,C16H12O5
astragaloside IV,East Asian,cycloartane triterpenoid saponin,adaptogenic tonic saponin of Astragalus,Astragalus membranaceus (TCM),low,13943297,C[C@]12CC[C@@]34C[C@@]35CC[C@@H](C([C@@H]5[C@H](C[C@H]4[C@@]1(C[C@@H]([C@@H]2[C@]6(CC[C@H](O6)C(C)(C)O)C)O)C)O[C@H]7[C@@H]([C@H]([C@@H]([C@H](O7)CO)O)O)O)(C)C)O[C@H]8[C@@H]([C@H]([C@@H](CO8)O)O)O,CC(C)(O)[C@@H]1CC[C@](C)([C@H]2[C@@H](O)C[C@@]3(C)[C@@H]4C[C@H](O[C@@H]5O[C@H](CO)[C@@H](O)[C@H](O)[C@H]5O)[C@H]5C(C)(C)[C@@H](O[C@@H]6OC[C@@H](O)[C@H](O)[C@H]6O)CC[C@@]56C[C@@]46CC[C@]23C)O1,784.98,0.72,9,14,228.22,8,True,adaptogenic/tonic,C41H68O14
ginsenoside Rg3,East Asian,dammarane triterpenoid saponin,anticancer ginseng saponin,ginseng (red),low,9918693,CC(=CCC[C@@](C)([C@H]1CC[C@@]2([C@@H]1[C@@H](C[C@H]3[C@]2(CC[C@@H]4[C@@]3(CC[C@@H](C4(C)C)O[C@H]5[C@@H]([C@H]([C@@H]([C@H](O5)CO)O)O)O[C@H]6[C@@H]([C@H]([C@@H]([C@H](O6)CO)O)O)O)C)C)O)C)O)C,CC(C)=CCC[C@](C)(O)[C@H]1CC[C@]2(C)[C@@H]1[C@H](O)C[C@@H]1[C@@]3(C)CC[C@H](O[C@@H]4O[C@H](CO)[C@@H](O)[C@H](O)[C@H]4O[C@@H]4O[C@H](CO)[C@@H](O)[C@H](O)[C@H]4O)C(C)(C)[C@@H]3CC[C@]12C,785.03,2.15,9,13,218.99,6,True,anticancer,C42H72O13
ginkgolide B,East Asian,diterpene lactone,neuroprotective PAF antagonist,Ginkgo biloba,moderate,11973122,C[C@@H]1C(=O)O[C@@H]2[C@]1([C@@]34C(=O)O[C@H]5[C@]3([C@@H]2O)[C@@]6([C@@H](C5)C(C)(C)C)[C@H](C(=O)O[C@H]6O4)O)O,C[C@@H]1C(=O)O[C@H]2[C@@H](O)[C@@]34[C@H]5C[C@@H](C(C)(C)C)[C@]36[C@@H](OC(=O)[C@@H]6O)O[C@@]4(C(=O)O5)[C@@]12O,424.4,-1.37,3,10,148.82,6,True,neuroprotective,C20H24O10
epicatechin gallate,East Asian,flavan-3-ol gallate,antioxidant green-tea catechin,green tea,low,107905,C1[C@H]([C@H](OC2=CC(=CC(=C21)O)O)C3=CC(=C(C=C3)O)O)OC(=O)C4=CC(=C(C(=C4)O)O)O,O=C(O[C@@H]1Cc2c(O)cc(O)cc2O[C@@H]1c1ccc(O)c(O)c1)c1cc(O)c(O)c(O)c1,442.38,2.53,7,10,177.14,4,True,antioxidant,C22H18O10
diallyl disulfide,East Asian,organosulfur,anticancer garlic organosulfur,garlic,moderate,16590,C=CCSSCC=C,C=CCSSCC=C,146.28,2.74,0,2,0.0,0,True,anticancer,C6H10S2
salvianolic acid B,East Asian,polyphenolic acid,cardioprotective Danshen polyphenol,Salvia miltiorrhiza (Danshen),low,6451084,C1=CC(=C(C=C1C[C@H](C(=O)O)OC(=O)/C=C/C2=C3[C@@H]([C@H](OC3=C(C=C2)O)C4=CC(=C(C=C4)O)O)C(=O)O[C@H](CC5=CC(=C(C=C5)O)O)C(=O)O)O)O,O=C(/C=C/c1ccc(O)c2c1[C@H](C(=O)O[C@H](Cc1ccc(O)c(O)c1)C(=O)O)[C@@H](c1ccc(O)c(O)c1)O2)O[C@H](Cc1ccc(O)c(O)c1)C(=O)O,718.62,3.33,9,14,278.04,5,True,cardiovascular,C36H30O16
ar-turmerone,South Asian,sesquiterpenoid,neuroprotective turmeric sesquiterpene,turmeric,low,160512,CC1=CC=C(C=C1)[C@@H](C)CC(=O)C=C(C)C,CC(C)=CC(=O)C[C@H](C)c1ccc(C)cc1,216.32,4.02,0,1,17.07,1,True,neuroprotective,C15H20O
withanolide A,South Asian,withanolide,neuroprotective ashwagandha steroid lactone,ashwagandha (Withania),low,11294368,CC1=C(C(=O)O[C@H](C1)[C@@](C)([C@H]2CC[C@@H]3[C@@]2(CC[C@H]4[C@H]3[C@H]5[C@H](O5)[C@@]6([C@@]4(C(=O)C=CC6)C)O)C)O)C,CC1=C(C)C(=O)O[C@@H]([C@](C)(O)[C@H]2CC[C@H]3[C@@H]4[C@@H]5O[C@@H]5[C@@]5(O)CC=CC(=O)[C@]5(C)[C@H]4CC[C@]23C)C1,470.61,3.5,2,6,96.36,6,True,neuroprotective,C28H38O6
asiatic acid,South Asian,pentacyclic triterpenoid,neuroprotective Centella triterpene,Centella asiatica (gotu kola),low,119034,C[C@@H]1CC[C@@]2(CC[C@@]3(C(=CC[C@H]4[C@]3(CC[C@@H]5[C@@]4(C[C@H]([C@@H]([C@@]5(C)CO)O)O)C)C)[C@@H]2[C@H]1C)C)C(=O)O,C[C@H]1[C@H](C)CC[C@]2(C(=O)O)CC[C@]3(C)C(=CC[C@@H]4[C@@]5(C)C[C@@H](O)[C@H](O)[C@@](C)(CO)[C@@H]5CC[C@]43C)[C@H]12,488.71,5.03,4,4,97.99,5,True,neuroprotective,C30H48O5
asiaticoside,South Asian,triterpenoid saponin,wound-healing/anti-inflammatory Centella saponin,Centella asiatica (gotu kola),low,11954171,C[C@@H]1CC[C@@]2(CC[C@@]3(C(=CC[C@H]4[C@]3(CC[C@@H]5[C@@]4(C[C@H]([C@@H]([C@@]5(C)CO)O)O)C)C)[C@@H]2[C@H]1C)C)C(=O)O[C@H]6[C@@H]([C@H]([C@@H]([C@H](O6)CO[C@H]7[C@@H]([C@H]([C@@H]([C@H](O7)CO)O[C@H]8[C@@H]([C@@H]([C@H]([C@@H](O8)C)O)O)O)O)O)O)O)O,C[C@H]1[C@H](C)CC[C@]2(C(=O)O[C@@H]3O[C@H](CO[C@@H]4O[C@H](CO)[C@@H](O[C@@H]5O[C@@H](C)[C@H](O)[C@@H](O)[C@H]5O)[C@H](O)[C@H]4O)[C@@H](O)[C@H](O)[C@H]3O)CC[C@]3(C)C(=CC[C@@H]4[C@@]5(C)C[C@@H](O)[C@H](O)[C@@](C)(CO)[C@@H]5CC[C@]43C)[C@H]12,959.13,-1.03,12,19,315.21,8,True,anti-inflammatory,C48H78O19
sesamin,South Asian,furofuran lignan,cholesterol-lowering sesame lignan,sesame seed/oil,moderate,72307,C1[C@H]2[C@H](CO[C@@H]2C3=CC4=C(C=C3)OCO4)[C@H](O1)C5=CC6=C(C=C5)OCO6,c1cc2c(cc1[C@H]1OC[C@H]3[C@@H]1CO[C@@H]3c1ccc3c(c1)OCO3)OCO2,354.36,3.22,0,6,55.38,6,True,cardiovascular,C20H18O6
ursolic acid,South Asian,pentacyclic triterpenoid,metabolic-regulating tulsi/apple triterpene,"holy basil (tulsi), apple peel",low,64945,C[C@@H]1CC[C@@]2(CC[C@@]3(C(=CC[C@H]4[C@]3(CC[C@@H]5[C@@]4(CC[C@@H](C5(C)C)O)C)C)[C@@H]2[C@H]1C)C)C(=O)O,C[C@H]1[C@H](C)CC[C@]2(C(=O)O)CC[C@]3(C)C(=CC[C@@H]4[C@@]5(C)CC[C@H](O)C(C)(C)[C@@H]5CC[C@]43C)[C@H]12,456.71,7.09,2,2,57.53,5,True,metabolic-regulating,C30H48O3
carvacrol,South Asian,monoterpenoid phenol,antimicrobial ajwain/oregano phenol,"ajwain (carom), oregano",moderate,10364,CC1=C(C=C(C=C1)C(C)C)O,Cc1ccc(C(C)C)cc1O,150.22,2.82,1,1,20.23,1,True,antimicrobial,C10H14O
lupeol,South Asian,pentacyclic triterpenoid,anti-inflammatory mango/many triterpene,"mango, many fruits",low,259846,CC(=C)[C@@H]1CC[C@]2([C@H]1[C@H]3CC[C@@H]4[C@]5(CC[C@@H](C([C@@H]5CC[C@]4([C@@]3(CC2)C)C)(C)C)O)C)C,C=C(C)[C@@H]1CC[C@]2(C)CC[C@]3(C)[C@H](CC[C@@H]4[C@@]5(C)CC[C@H](O)C(C)(C)[C@@H]5CC[C@]43C)[C@@H]12,426.73,8.02,1,1,20.23,5,True,anti-inflammatory,C30H50O
theobromine,African,purine alkaloid,stimulant cocoa methylxanthine,cocoa (West Africa),high,5429,CN1C=NC2=C1C(=O)NC(=O)N2C,Cn1cnc2c1c(=O)[nH]c(=O)n2C,180.17,-1.04,1,3,72.68,2,True,stimulant,C7H8N4O2
vitexin,African,flavone C-glycoside,antioxidant rooibos apigenin C-glycoside,"rooibos, many",low,5280441,C1=CC(=CC=C1C2=CC(=O)C3=C(O2)C(=C(C=C3O)O)[C@H]4[C@@H]([C@H]([C@@H]([C@H](O4)CO)O)O)O)O,O=c1cc(-c2ccc(O)cc2)oc2c([C@@H]3O[C@H](CO)[C@@H](O)[C@H](O)[C@H]3O)c(O)cc(O)c12,432.38,0.09,7,10,181.05,4,True,antioxidant,C21H20O10
orientin,African,flavone C-glycoside,antioxidant rooibos luteolin C-glycoside,rooibos,low,5281675,C1=CC(=C(C=C1C2=CC(=O)C3=C(O2)C(=C(C=C3O)O)[C@H]4[C@@H]([C@H]([C@@H]([C@H](O4)CO)O)O)O)O)O,O=c1cc(-c2ccc(O)c(O)c2)oc2c([C@@H]3O[C@H](CO)[C@@H](O)[C@H](O)[C@H]3O)c(O)cc(O)c12,448.38,-0.2,8,11,201.28,4,True,antioxidant,C21H20O11
harpagoside,African,iridoid glycoside,anti-inflammatory devil's-claw iridoid,devil's claw (Southern Africa),moderate,5281542,C[C@@]1(C[C@H]([C@]2([C@@H]1[C@@H](OC=C2)O[C@H]3[C@@H]([C@H]([C@@H]([C@H](O3)CO)O)O)O)O)O)OC(=O)/C=C/C4=CC=CC=C4,C[C@]1(OC(=O)/C=C/c2ccccc2)C[C@@H](O)[C@]2(O)C=CO[C@@H](O[C@@H]3O[C@H](CO)[C@@H](O)[C@H](O)[C@H]3O)[C@@H]21,494.49,-1.2,6,11,175.37,4,True,anti-inflammatory,C24H30O11
hypoxoside,African,norlignan glucoside,immunomodulatory African-potato glucoside,African potato (Hypoxis),low,6438448,C1=CC(=C(C=C1/C=C/CC#CC2=CC(=C(C=C2)O[C@@H]3[C@H]([C@@H]([C@H]([C@@H](O3)CO)O)O)O)O)O)O[C@H]4[C@@H]([C@H]([C@@H]([C@H](O4)CO)O)O)O,OC[C@@H]1O[C@H](Oc2ccc(C#CC/C=C/c3ccc(O[C@@H]4O[C@H](CO)[C@@H](O)[C@H](O)[C@H]4O)c(O)c3)cc2O)[C@@H](O)[C@H](O)[C@H]1O,606.58,-2.09,10,14,239.22,4,True,immunomodulatory,C29H34O14
mesembrenone,African,Sceletium alkaloid,neuroprotective/mood kanna alkaloid,Sceletium tortuosum (kanna),moderate,216272,CN1CC[C@]2([C@@H]1CC(=O)C=C2)C3=CC(=C(C=C3)OC)OC,COc1ccc([C@@]23C=CC(=O)C[C@@H]2N(C)CC3)cc1OC,287.36,2.17,0,4,38.77,3,True,neuroprotective,C17H21NO3
isomangiferin,African,xanthone C-glycoside,antioxidant honeybush xanthone,honeybush,low,5318597,C1=C2C(=CC(=C1O)O)OC3=C(C2=O)C(=CC(=C3[C@H]4[C@@H]([C@H]([C@@H]([C@H](O4)CO)O)O)O)O)O,O=c1c2cc(O)c(O)cc2oc2c([C@@H]3O[C@H](CO)[C@@H](O)[C@H](O)[C@H]3O)c(O)cc(O)c12,422.34,-0.72,8,11,201.28,4,True,antioxidant,C19H18O11
punicalagin,African,ellagitannin,antioxidant pomegranate tannin,pomegranate (North Africa),low,16129719,C1C(C(OC(=O)C2=CC(=C(C(=C2C3=C(C(=C4C5=C3C(=O)OC6=C(C(=C(C7=C(C(=C(C=C7C(=O)O1)O)O)O)C(=C56)C(=O)O4)O)O)O)O)O)O)O)C8C(OC(=O)C9=CC(=C(C(=C9C1=C(C(=C(C=C1C(=O)O8)O)O)O)O)O)O)C=O)O,O=CC1OC(=O)c2cc(O)c(O)c(O)c2-c2c(cc(O)c(O)c2O)C(=O)OC1C1OC(=O)c2cc(O)c(O)c(O)c2-c2c(O)c(O)c3oc(=O)c4c(c(O)c(O)c5oc(=O)c2c3c54)-c2c(cc(O)c(O)c2O)C(=O)OCC1O,1084.72,1.8,17,30,526.6,10,True,antioxidant,C48H28O30
